FEATURE,IMPORTANCE
LAG_1,0.4718480689597529
ROLLING_8,0.13937301976341648
FEATURE,0.10442077171984131
DISCOUNT_PCT,0.05485425865749329
PRICE,0.05046759736755445
ROLLING_4,0.032067174793049845
LAG_8,0.0234429209234295
BASE_PRICE,0.015939130082762654
PRODUCT_SIZE,0.014778713126406703
SUB_CATEGORY,0.01374054245936232
DISPLAY,0.011740073074271959
LAG_4,0.01100475756798743
WEEK_OF_YEAR,0.010564285402180337
LAG_2,0.00881331963325584
AVG_WEEKLY_BASKETS,0.007704332388575546
LAG_3,0.007462897507525864
SALES_AREA_SIZE_NUM,0.004830338486598424
UPC,0.004451500078159456
STORE_NUM,0.003384234232539076
MONTH,0.0032914347412486495
TPR_ONLY,0.0020521091198066953
SEG_VALUE_NAME,0.0015477025039314794
PARKING_SPACE_QTY,0.001508715867466925
CATEGORY,0.0007121015433829296
